,calibratedrecallk_10,calibratedrecallk_20,calibratedrecallk_50,coveragek_10,coveragek_20,coveragek_50,ndcgk_10,ndcgk_20,ndcgk_50,precisionk_10,precisionk_20,precisionk_50,reciprocalrankk_10,reciprocalrankk_20,reciprocalrankk_50
Popularity(K=200),0.19887567966086075,0.23320431296654687,0.2655976407704359,0.008960573476702509,0.013620071684587814,0.03082437275985663,0.1256851914355663,0.134390027186866,0.1408924603078725,0.019887567966086074,0.011660215648327343,0.005311952815408718,0.10297767767240629,0.10538055477706108,0.10645592494599261
