,calibratedrecallk_10,calibratedrecallk_20,calibratedrecallk_50,coveragek_10,coveragek_20,coveragek_50,ndcgk_10,ndcgk_20,ndcgk_50,precisionk_10,precisionk_20,precisionk_50,reciprocalrankk_10,reciprocalrankk_20,reciprocalrankk_50
"TARSItemKNNDing(K=522,predict_decay=1.576767667548869e-05,similarity=conditional_probability)",0.011750069118053636,0.021104045710072804,0.048674469326943755,0.14623655913978495,0.22652329749103942,0.40931899641577063,0.006018041667437915,0.008357435584519094,0.013728785435747454,0.0011750069118053636,0.0010552022855036404,0.0009734893865388753,0.004279565582671287,0.004908092318308395,0.005729696015662583
