,calibratedrecallk_10,calibratedrecallk_20,calibratedrecallk_50,coveragek_10,coveragek_20,coveragek_50,ndcgk_10,ndcgk_20,ndcgk_50,precisionk_10,precisionk_20,precisionk_50,reciprocalrankk_10,reciprocalrankk_20,reciprocalrankk_50
"TARSItemKNNLiu(K=802,fit_decay=7.989191796380798e-07,predict_decay=0.0005919950360356387)",0.31304026315118444,0.3863078086884089,0.4675693364272297,0.7322220597553248,0.7504508456402008,0.7581517765755227,0.18678708761971402,0.2053707585245818,0.22160891479543177,0.03130402631511844,0.01931539043442045,0.00935138672854459,0.1477941383804913,0.1529261260919782,0.15558168619219437
