,calibratedrecallk_10,coveragek_10,normalizeddiscountedcumulativegaink_10
"EASE(alpha=0,density=0.05,l2=15.134537284668639)",0.3083776617644637,0.6628649412682166,0.18605013812300603
