,CalibratedRecallK_10,CalibratedRecallK_20,CalibratedRecallK_50,CoverageK_10,CoverageK_20,CoverageK_50,NDCGK_10,NDCGK_20,NDCGK_50,PrecisionK_10,PrecisionK_20,PrecisionK_50,ReciprocalRankK_10,ReciprocalRankK_20,ReciprocalRankK_50
"TARSItemKNNLiu(K=802,fit_decay=7.989191796380798e-07,predict_decay=0.0005919950360356387)",0.31304026315118444,0.3863078086884089,0.4675693364272297,0.7322220597553248,0.7504508456402008,0.7581517765755227,0.18678708761971402,0.2053707585245818,0.22160891479543177,0.03130402631511844,0.01931539043442045,0.00935138672854459,0.1477941383804913,0.1529261260919782,0.15558168619219437
