,CalibratedRecallK_10,CalibratedRecallK_20,CalibratedRecallK_50,CoverageK_10,CoverageK_20,CoverageK_50,NDCGK_10,NDCGK_20,NDCGK_50,PrecisionK_10,PrecisionK_20,PrecisionK_50,ReciprocalRankK_10,ReciprocalRankK_20,ReciprocalRankK_50
"SequentialRules(K=687,max_steps=16)",0.3080509302938352,0.37284425971729945,0.44932469762262967,0.8582638787347078,0.9226982502315153,0.9652970707218405,0.19044759833087732,0.20685017091609315,0.22213543158286397,0.030805093029383515,0.01864221298586497,0.008986493952452594,0.15403270339649971,0.15854321675635688,0.16104689878767364
