,calibratedrecallk_10,calibratedrecallk_20,calibratedrecallk_50,coveragek_10,coveragek_20,coveragek_50,ndcgk_10,ndcgk_20,ndcgk_50,precisionk_10,precisionk_20,precisionk_50,reciprocalrankk_10,reciprocalrankk_20,reciprocalrankk_50
"TARSItemKNNLiu(K=802,fit_decay=7.989191796380798e-07,predict_decay=0.0005919950360356387)",0.315959915342836,0.3902346771383159,0.4729369066136284,0.7828142515962373,0.8357459667592728,0.8982307354876444,0.18838001965776358,0.20720797462671758,0.2237151317153053,0.03159599153428359,0.01951173385691579,0.009458738132272567,0.14898369545493242,0.15417692956409576,0.1568675832119906
