,calibratedrecallk_10,coveragek_10,normalizeddiscountedcumulativegaink_10
"EASE(alpha=0,density=0.05,l2=15.134537284668639)",0.2912789644439321,0.855290734512843,0.17247107408782056
