,CalibratedRecallK_10,CalibratedRecallK_20,CalibratedRecallK_50,CoverageK_10,CoverageK_20,CoverageK_50,NDCGK_10,NDCGK_20,NDCGK_50,PrecisionK_10,PrecisionK_20,PrecisionK_50,ReciprocalRankK_10,ReciprocalRankK_20,ReciprocalRankK_50
"TARSItemKNNLiu(K=802,fit_decay=7.989191796380798e-07,predict_decay=0.0005919950360356387)",0.315959915342836,0.3902346771383159,0.4729369066136284,0.7828142515962373,0.8357459667592728,0.8982307354876444,0.18838001965776358,0.20720797462671758,0.2237151317153053,0.03159599153428359,0.01951173385691579,0.009458738132272567,0.14898369545493242,0.15417692956409576,0.1568675832119906
