,calibratedrecallk_10,calibratedrecallk_20,calibratedrecallk_50,coveragek_10,coveragek_20,coveragek_50,ndcgk_10,ndcgk_20,ndcgk_50,precisionk_10,precisionk_20,precisionk_50,reciprocalrankk_10,reciprocalrankk_20,reciprocalrankk_50
Popularity(K=200),0.018243152728556988,0.025757188264951957,0.0433548889944345,0.0015174506828528073,0.0025537584662644807,0.005403604870646582,0.010682034779647461,0.012543598470629073,0.016005488069037455,0.001824315272855699,0.0012878594132475977,0.00086709777988869,0.008392543260651843,0.008883561913550716,0.009426954590160547
