,CalibratedRecallK_10,CalibratedRecallK_20,CalibratedRecallK_50,CoverageK_10,CoverageK_20,CoverageK_50,NDCGK_10,NDCGK_20,NDCGK_50,PrecisionK_10,PrecisionK_20,PrecisionK_50,ReciprocalRankK_10,ReciprocalRankK_20,ReciprocalRankK_50
"TARSItemKNNLiu(K=779,fit_decay=1.490060465286403e-10,predict_decay=0.0003494380295792665)",0.10804622897714125,0.13921060002679234,0.1800202160437446,0.9398201265775935,0.9838632073725897,0.9967430326807062,0.06396315504023085,0.071849737051349,0.07996401105758728,0.010804622897714127,0.006960530001339618,0.003600404320874892,0.05044358635476973,0.05261203981885196,0.05392219518535698
