,calibratedrecallk_10,calibratedrecallk_20,calibratedrecallk_50,coveragek_10,coveragek_20,coveragek_50,ndcgk_10,ndcgk_20,ndcgk_50,precisionk_10,precisionk_20,precisionk_50,reciprocalrankk_10,reciprocalrankk_20,reciprocalrankk_50
"TARSItemKNNDing(K=608,predict_decay=0.00010039947857660166,similarity=cosine)",0.1092518845980539,0.14179240802309012,0.18435570494318804,0.9398571375698582,0.9851585921018543,0.9978903734409119,0.06431513072534202,0.07254239669824386,0.08100514088075608,0.01092518845980539,0.007089620401154507,0.0036871140988637614,0.05053002840259425,0.05279034537508541,0.05415236567065494
