,calibratedrecallk_10,calibratedrecallk_20,calibratedrecallk_50,coveragek_10,coveragek_20,coveragek_50,ndcgk_10,ndcgk_20,ndcgk_50,precisionk_10,precisionk_20,precisionk_50,reciprocalrankk_10,reciprocalrankk_20,reciprocalrankk_50
"EASE(alpha=0,density=0.05,l2=1940.9269923514796)",0.07979248109312777,0.10777830550582733,0.14983011216250777,0.5680817202709204,0.7272659980014065,0.8856730448943336,0.04600912062004134,0.053059764471776155,0.06140463003528059,0.007979248109312777,0.005388915275291368,0.002996602243250155,0.03569811075291328,0.0376199694325147,0.03895987146466676
