,CalibratedRecallK_10,CalibratedRecallK_20,CalibratedRecallK_50,CoverageK_10,CoverageK_20,CoverageK_50,NDCGK_10,NDCGK_20,NDCGK_50,PrecisionK_10,PrecisionK_20,PrecisionK_50,ReciprocalRankK_10,ReciprocalRankK_20,ReciprocalRankK_50
"TARSItemKNNLiu(K=779,fit_decay=1.490060465286403e-10,predict_decay=0.0003494380295792665)",0.10877692935345196,0.14084249753388622,0.18290648253017183,0.9319367852252118,0.980347163107443,0.9977793404641179,0.0641495488360907,0.07225419357994854,0.08064450055367439,0.010877692935345197,0.007042124876694312,0.003658129650603437,0.050437458523571566,0.052660496426912444,0.05402557589992661
