,CalibratedRecallK_10,CalibratedRecallK_20,CalibratedRecallK_50,CoverageK_10,CoverageK_20,CoverageK_50,NDCGK_10,NDCGK_20,NDCGK_50,PrecisionK_10,PrecisionK_20,PrecisionK_50,ReciprocalRankK_10,ReciprocalRankK_20,ReciprocalRankK_50
"TARSItemKNNDing(K=608,predict_decay=0.00010039947857660166,similarity=cosine)",0.10955634308818336,0.1424743950409801,0.18602413746909746,0.9368222362041526,0.982826899589178,0.9981494503867648,0.06440947449779447,0.07272798718699595,0.08140823515361992,0.010955634308818336,0.007123719752049006,0.0037204827493819486,0.05054787063665074,0.0528285526513366,0.054237333087666005
