,calibratedrecallk_10,calibratedrecallk_20,calibratedrecallk_50,coveragek_10,coveragek_20,coveragek_50,ndcgk_10,ndcgk_20,ndcgk_50,precisionk_10,precisionk_20,precisionk_50,reciprocalrankk_10,reciprocalrankk_20,reciprocalrankk_50
"EASE(alpha=0,density=0.05,l2=1940.9269923514796)",0.0864905678759758,0.11833692594351686,0.16666057749686408,0.6086457677930346,0.7567267478441096,0.908027684222214,0.04835439170059418,0.05637576184143295,0.06598499870612322,0.008649056787597583,0.005916846297175844,0.003333211549937282,0.03672589495814808,0.03891149754055575,0.04046305938476573
