,calibratedrecallk_10,calibratedrecallk_20,calibratedrecallk_50,coveragek_10,coveragek_20,coveragek_50,ndcgk_10,ndcgk_20,ndcgk_50,precisionk_10,precisionk_20,precisionk_50,reciprocalrankk_10,reciprocalrankk_20,reciprocalrankk_50
"TARSItemKNNDing(K=608,predict_decay=0.00010039947857660166,similarity=cosine)",0.10955634308818336,0.1424743950409801,0.18602413746909746,0.9368222362041526,0.982826899589178,0.9981494503867648,0.06440947449779447,0.07272798718699595,0.08140823515361992,0.010955634308818336,0.007123719752049006,0.0037204827493819486,0.05054787063665074,0.0528285526513366,0.054237333087666005
