,calibratedrecallk_10,calibratedrecallk_20,calibratedrecallk_50,coveragek_10,coveragek_20,coveragek_50,ndcgk_10,ndcgk_20,ndcgk_50,precisionk_10,precisionk_20,precisionk_50,reciprocalrankk_10,reciprocalrankk_20,reciprocalrankk_50
"ItemKNN(K=382,normalize=False,normalize_X=True,normalize_sim=False,pop_discount=None,similarity=conditional_probability)",0.0868193830453156,0.11815425084943919,0.1647485781788511,0.5994670417113883,0.7528776046485807,0.911506717495096,0.04889374082196134,0.056810461005678874,0.06605255296704121,0.008681938304531562,0.0059077125424719604,0.0032949715635770217,0.03731605632888012,0.03948588758395849,0.04096795719918871
