,calibratedrecallk_10,calibratedrecallk_20,calibratedrecallk_50,coveragek_10,coveragek_20,coveragek_50,ndcgk_10,ndcgk_20,ndcgk_50,precisionk_10,precisionk_20,precisionk_50,reciprocalrankk_10,reciprocalrankk_20,reciprocalrankk_50
"EASE(alpha=0,density=0.05,l2=1997.7125017500957)",0.13458053021226923,0.17694221730716064,0.2189659939176113,0.13906810035842293,0.16845878136200718,0.2014336917562724,0.06984765731619738,0.08058791039583818,0.08904939172834905,0.013458053021226922,0.00884711086535803,0.0043793198783522265,0.05028931451956979,0.05325273624100001,0.0546617755740339
