,calibratedrecallk_10,calibratedrecallk_20,calibratedrecallk_50,coveragek_10,coveragek_20,coveragek_50,ndcgk_10,ndcgk_20,ndcgk_50,precisionk_10,precisionk_20,precisionk_50,reciprocalrankk_10,reciprocalrankk_20,reciprocalrankk_50
"TARSItemKNNLiu(K=357,fit_decay=2.5902859624114784e-05,predict_decay=1.1313574951396022e-05)",0.07461677879150923,0.12180137007341874,0.1995361410622677,0.685663082437276,0.760573476702509,0.8254480286738352,0.03913688879168548,0.050886242692056396,0.06654854863727944,0.007461677879150924,0.006090068503670937,0.003990722821245354,0.02841674187978676,0.03154674699943958,0.034162850821433416
