,calibratedrecallk_10,calibratedrecallk_20,calibratedrecallk_50,coveragek_10,coveragek_20,coveragek_50,ndcgk_10,ndcgk_20,ndcgk_50,precisionk_10,precisionk_20,precisionk_50,reciprocalrankk_10,reciprocalrankk_20,reciprocalrankk_50
"TARSItemKNNLiu(K=357,fit_decay=2.5902859624114784e-05,predict_decay=1.1313574951396022e-05)",0.07469357662888212,0.12180137007341874,0.1986145670137929,0.7136200716845879,0.7906810035842294,0.8612903225806452,0.03916410653277108,0.05089243412612564,0.0663816682122779,0.007469357662888213,0.006090068503670937,0.003972291340275858,0.028429699991076824,0.03155311657224387,0.03414550715798732
