,calibratedrecallk_10,calibratedrecallk_20,calibratedrecallk_50,coveragek_10,coveragek_20,coveragek_50,ndcgk_10,ndcgk_20,ndcgk_50,precisionk_10,precisionk_20,precisionk_50,reciprocalrankk_10,reciprocalrankk_20,reciprocalrankk_50
"EASE(alpha=0,density=0.05,l2=1997.7125017500957)",0.01677264768224127,0.03068841581421067,0.08063772924154455,0.23189964157706094,0.3060931899641577,0.4759856630824373,0.008151453440482282,0.011627693689717515,0.02132718532189543,0.001677264768224127,0.0015344207907105338,0.0016127545848308913,0.005588505484828404,0.0065204109726086715,0.007991920208259036
