,CalibratedRecallK_10,CalibratedRecallK_20,CalibratedRecallK_50,CoverageK_10,CoverageK_20,CoverageK_50,NDCGK_10,NDCGK_20,NDCGK_50,PrecisionK_10,PrecisionK_20,PrecisionK_50,ReciprocalRankK_10,ReciprocalRankK_20,ReciprocalRankK_50
"EASE(alpha=0,density=0.05,l2=1997.7125017500957)",0.01677264768224127,0.03068841581421067,0.08063772924154455,0.23189964157706094,0.3060931899641577,0.4759856630824373,0.008151453440482282,0.011627693689717515,0.02132718532189543,0.001677264768224127,0.0015344207907105338,0.0016127545848308913,0.005588505484828404,0.0065204109726086715,0.007991920208259036
