,calibratedrecallk_10,calibratedrecallk_20,calibratedrecallk_50,coveragek_10,coveragek_20,coveragek_50,ndcgk_10,ndcgk_20,ndcgk_50,precisionk_10,precisionk_20,precisionk_50,reciprocalrankk_10,reciprocalrankk_20,reciprocalrankk_50
Popularity(K=200),0.0043480748326563306,0.007609130957148579,0.015161050403341153,0.00020081473406391646,0.00037294164897584486,0.000846290664983648,0.0017435305838798744,0.0025467286927204815,0.004023795895407646,0.0004348074832656331,0.0003804565478574289,0.00030322100806682304,0.0009620160973213208,0.0011708665329387903,0.0013998026048826393
