,calibratedrecallk_10,calibratedrecallk_20,calibratedrecallk_50,coveragek_10,coveragek_20,coveragek_50,ndcgk_10,ndcgk_20,ndcgk_50,precisionk_10,precisionk_20,precisionk_50,reciprocalrankk_10,reciprocalrankk_20,reciprocalrankk_50
"SequentialRules(K=650,max_steps=100)",0.043194690771783284,0.05011728359745981,0.06287545054064878,0.5535027827184578,0.730965631992656,0.8899535257329738,0.031071164185012073,0.032795441973857184,0.035180805923616366,0.004319469077178328,0.0025058641798729906,0.0012575090108129755,0.027311254230700424,0.027748141473413212,0.027966530480408487
