,CalibratedRecallK_10,CalibratedRecallK_20,CalibratedRecallK_50,CoverageK_10,CoverageK_20,CoverageK_50,NDCGK_10,NDCGK_20,NDCGK_50,PrecisionK_10,PrecisionK_20,PrecisionK_50,ReciprocalRankK_10,ReciprocalRankK_20,ReciprocalRankK_50
Popularity(K=200),0.0043480748326563306,0.007609130957148579,0.015161050403341153,0.00020081473406391646,0.00037294164897584486,0.000846290664983648,0.0017435305838798744,0.0025467286927204815,0.004023795895407646,0.0004348074832656331,0.0003804565478574289,0.00030322100806682304,0.0009620160973213208,0.0011708665329387903,0.0013998026048826393
