,CalibratedRecallK_10,CalibratedRecallK_20,CalibratedRecallK_50,CoverageK_10,CoverageK_20,CoverageK_50,NDCGK_10,NDCGK_20,NDCGK_50,PrecisionK_10,PrecisionK_20,PrecisionK_50,ReciprocalRankK_10,ReciprocalRankK_20,ReciprocalRankK_50
Popularity(K=200),0.0028605755478002173,0.006064420161336461,0.010469706504948795,0.00022950255321590454,0.00037294164897584486,0.0008319467554076539,0.0013732501607767653,0.0021717857118427578,0.003029598982467672,0.0002860575547800217,0.00030322100806682304,0.00020939413009897593,0.0009074835380688118,0.0011202065993866574,0.001250832736651877
