loss,run_time,iteration,bptt,hidden_size,embedding_size,delta,ndcg,window_hours
-0.004487732073404135,26490.327405691147,0,3.0,167.0,90.0,600821763.612169,0.004487732073404135,166894.93433671363
