,CalibratedRecallK_10,CalibratedRecallK_20,CalibratedRecallK_50,CoverageK_10,CoverageK_20,CoverageK_50,NDCGK_10,NDCGK_20,NDCGK_50,PrecisionK_10,PrecisionK_20,PrecisionK_50,ReciprocalRankK_10,ReciprocalRankK_20,ReciprocalRankK_50
"EASE(alpha=0,density=0.05,l2=1604.3392796075614)",0.03255731922398589,0.05009871962252914,0.08946167295373644,0.24627117500168724,0.3327934129715867,0.3856381183775393,0.02029627251105382,0.025285881901583564,0.03401942201263489,0.005873015873015874,0.004523809523809525,0.0031216931216931213,0.022608129671621735,0.02440406747221579,0.02613072681499307
