,CalibratedRecallK_10,CalibratedRecallK_20,CalibratedRecallK_50,CoverageK_10,CoverageK_20,CoverageK_50,NDCGK_10,NDCGK_20,NDCGK_50,PrecisionK_10,PrecisionK_20,PrecisionK_50,ReciprocalRankK_10,ReciprocalRankK_20,ReciprocalRankK_50
Popularity(K=200),0.03593159486016628,0.05067796254304191,0.1209686624369164,0.0010798407234932847,0.0018897212661132482,0.0047243031652831205,0.020616029378624855,0.024995119418609376,0.040214874540751275,0.0056084656084656095,0.0043915343915343925,0.003947089947089947,0.02104770303183002,0.022692974882578796,0.025426374983161144
