,CalibratedRecallK_10,CalibratedRecallK_20,CalibratedRecallK_50,CoverageK_10,CoverageK_20,CoverageK_50,NDCGK_10,NDCGK_20,NDCGK_50,PrecisionK_10,PrecisionK_20,PrecisionK_50,ReciprocalRankK_10,ReciprocalRankK_20,ReciprocalRankK_50
Popularity(K=200),0.0343342151675485,0.058631267321743515,0.11327444894905213,0.0010123506782749544,0.0019572113113315785,0.0047243031652831205,0.02021346311436875,0.026889564901855064,0.03889390056509185,0.0056084656084656095,0.0048412698412698425,0.0037989417989417983,0.02102271772906694,0.023272062902143006,0.02553499365800563
