,CalibratedRecallK_10,CalibratedRecallK_20,CalibratedRecallK_50,CoverageK_10,CoverageK_20,CoverageK_50,NDCGK_10,NDCGK_20,NDCGK_50,PrecisionK_10,PrecisionK_20,PrecisionK_50,ReciprocalRankK_10,ReciprocalRankK_20,ReciprocalRankK_50
"SequentialRules(K=287,max_steps=97)",0.030627362055933485,0.044558262137627216,0.07018890721271674,0.3363703853681582,0.4987514341634609,0.7148545589525545,0.017995445679304493,0.021996509347870806,0.027970673316402538,0.005449735449735451,0.003994708994708995,0.002455026455026455,0.019464810615604268,0.020676771515141953,0.022150267632902027
