,CalibratedRecallK_10,CalibratedRecallK_20,CalibratedRecallK_50,CoverageK_10,CoverageK_20,CoverageK_50,NDCGK_10,NDCGK_20,NDCGK_50,PrecisionK_10,PrecisionK_20,PrecisionK_50,ReciprocalRankK_10,ReciprocalRankK_20,ReciprocalRankK_50
"SequentialRules(K=287,max_steps=97)",0.030627362055933485,0.044558262137627216,0.07036527405575024,0.33562799487075656,0.4996962947965175,0.7184990213943443,0.01807167724610416,0.02207274091467048,0.028086735910006072,0.005449735449735451,0.003994708994708995,0.0024656084656084656,0.01972936088015453,0.02094132177969222,0.022429117911752307
