,CalibratedRecallK_10,CalibratedRecallK_20,CalibratedRecallK_50,CoverageK_10,CoverageK_20,CoverageK_50,NDCGK_10,NDCGK_20,NDCGK_50,PrecisionK_10,PrecisionK_20,PrecisionK_50,ReciprocalRankK_10,ReciprocalRankK_20,ReciprocalRankK_50
"EASE(alpha=0,density=0.05,l2=1604.3392796075614)",0.03303854875283447,0.05365107996060376,0.10081007237000669,0.1594789768509145,0.2551798609705069,0.4479989201592765,0.020657324929609353,0.026643858799423683,0.037156570309695075,0.0065079365079365094,0.005264550264550265,0.003735449735449735,0.024029982363315695,0.0261899627851886,0.027969764773827684
