,CalibratedRecallK_10,CalibratedRecallK_20,CalibratedRecallK_50,CoverageK_10,CoverageK_20,CoverageK_50,NDCGK_10,NDCGK_20,NDCGK_50,PrecisionK_10,PrecisionK_20,PrecisionK_50,ReciprocalRankK_10,ReciprocalRankK_20,ReciprocalRankK_50
"TARSItemKNNDing(K=522,predict_decay=1.576767667548869e-05,similarity=conditional_probability)",0.1311553466654379,0.18294780818972137,0.23033207384880042,0.17025089605734767,0.1974910394265233,0.2222222222222222,0.0644462442712955,0.07755003247185241,0.0870715801779158,0.01311553466654379,0.00914739040948607,0.004606641476976009,0.04432380479403795,0.047903104525898,0.04947311264260056
