,CalibratedRecallK_10,CalibratedRecallK_20,CalibratedRecallK_50,CoverageK_10,CoverageK_20,CoverageK_50,NDCGK_10,NDCGK_20,NDCGK_50,PrecisionK_10,PrecisionK_20,PrecisionK_50,ReciprocalRankK_10,ReciprocalRankK_20,ReciprocalRankK_50
"TARSItemKNNXia(K=357,decay_function=convex,decay_interval=27045,fit_decay=0.9944576211367381)",0.009581273626054085,0.01279441698168072,0.03503925559755743,0.09032258064516129,0.14193548387096774,0.24767025089605735,0.004636593873493569,0.0054340210915221066,0.009725446803647762,0.0009581273626054086,0.0006397208490840361,0.0007007851119511486,0.0030985613204281425,0.003309698494421716,0.003947906169537608
