,CalibratedRecallK_10,CalibratedRecallK_20,CalibratedRecallK_50,CoverageK_10,CoverageK_20,CoverageK_50,NDCGK_10,NDCGK_20,NDCGK_50,PrecisionK_10,PrecisionK_20,PrecisionK_50,ReciprocalRankK_10,ReciprocalRankK_20,ReciprocalRankK_50
"SequentialRules(K=826,max_steps=63)",0.0675360181857279,0.10528983503824532,0.15026264860381533,0.4129032258064516,0.5175627240143369,0.6727598566308244,0.03587585216294532,0.0454485346597552,0.054368313571621585,0.006753601818572789,0.0052644917519122664,0.0030052529720763065,0.02627804401028067,0.028918464365989854,0.030351458897183166
