,CalibratedRecallK_10,CalibratedRecallK_20,CalibratedRecallK_50,CoverageK_10,CoverageK_20,CoverageK_50,NDCGK_10,NDCGK_20,NDCGK_50,PrecisionK_10,PrecisionK_20,PrecisionK_50,ReciprocalRankK_10,ReciprocalRankK_20,ReciprocalRankK_50
"TARSItemKNNDing(K=522,predict_decay=1.576767667548869e-05,similarity=conditional_probability)",0.011750069118053636,0.021104045710072804,0.048674469326943755,0.14623655913978495,0.22652329749103942,0.40931899641577063,0.006018041667437915,0.008357435584519094,0.013728785435747454,0.0011750069118053636,0.0010552022855036404,0.0009734893865388753,0.004279565582671287,0.004908092318308395,0.005729696015662583
