,calibratedrecallk_10,calibratedrecallk_20,calibratedrecallk_50,coveragek_10,coveragek_20,coveragek_50,ndcgk_10,ndcgk_20,ndcgk_50,precisionk_10,precisionk_20,precisionk_50,reciprocalrankk_10,reciprocalrankk_20,reciprocalrankk_50
"ItemKNN(K=163,normalize=False,normalize_X=True,normalize_sim=False,pop_discount=None,similarity=conditional_probability)",0.30255161452091356,0.37636314183474856,0.4602638311616561,0.6309889360042892,0.6885996978115709,0.7244236486815812,0.17840248125344235,0.19711168433247744,0.2138805032249054,0.03025516145209135,0.018818157091737432,0.00920527662323312,0.1400584075473154,0.1452231829983113,0.1479707713824267
