,CalibratedRecallK_10,CalibratedRecallK_20,CalibratedRecallK_50,CoverageK_10,CoverageK_20,CoverageK_50,NDCGK_10,NDCGK_20,NDCGK_50,PrecisionK_10,PrecisionK_20,PrecisionK_50,ReciprocalRankK_10,ReciprocalRankK_20,ReciprocalRankK_50
Popularity(K=200),0.0343811394891945,0.043222003929273084,0.10609037328094302,0.0010123506782749544,0.0019572113113315785,0.004656813120064791,0.017241621439306926,0.019452283130155408,0.03172862077681159,0.00343811394891945,0.002161100196463654,0.00212180746561886,0.012127732559952599,0.012737559613205874,0.014601284144413043
