,CalibratedRecallK_10,CalibratedRecallK_20,CalibratedRecallK_50,CoverageK_10,CoverageK_20,CoverageK_50,NDCGK_10,NDCGK_20,NDCGK_50,PrecisionK_10,PrecisionK_20,PrecisionK_50,ReciprocalRankK_10,ReciprocalRankK_20,ReciprocalRankK_50
"EASE(alpha=0,density=0.05,l2=860.2405367857997)",0.06728880157170923,0.09724950884086445,0.1444007858546169,0.2140784234325437,0.347371262738746,0.5466018762232571,0.04032306667781402,0.0477881560238329,0.05710917614728523,0.006728880157170923,0.004862475442043222,0.0028880157170923376,0.032219649483893095,0.03421228754890034,0.0356945312048921
