,calibratedrecallk_10,calibratedrecallk_20,calibratedrecallk_50,coveragek_10,coveragek_20,coveragek_50,ndcgk_10,ndcgk_20,ndcgk_50,precisionk_10,precisionk_20,precisionk_50,reciprocalrankk_10,reciprocalrankk_20,reciprocalrankk_50
"ItemKNN(K=918,normalize=False,normalize_X=False,normalize_sim=False,pop_discount=None,similarity=cosine)",0.05648330058939096,0.07809430255402751,0.12671905697445973,0.43983262468785855,0.6433151110211244,0.8834446919079436,0.03310998464240961,0.03849147566235381,0.048034353695537296,0.005648330058939096,0.003904715127701375,0.002534381139489194,0.026061059656344525,0.02749760337612056,0.02898656103288851
