,calibratedrecallk_10,calibratedrecallk_20,calibratedrecallk_50,coveragek_10,coveragek_20,coveragek_50,ndcgk_10,ndcgk_20,ndcgk_50,precisionk_10,precisionk_20,precisionk_50,reciprocalrankk_10,reciprocalrankk_20,reciprocalrankk_50
"EASE(alpha=0,density=0.05,l2=860.2405367857997)",0.06728880157170923,0.09724950884086445,0.1444007858546169,0.2140784234325437,0.347371262738746,0.5466018762232571,0.04032306667781402,0.0477881560238329,0.05710917614728523,0.006728880157170923,0.004862475442043222,0.0028880157170923376,0.032219649483893095,0.03421228754890034,0.0356945312048921
