,calibratedrecallk_10,calibratedrecallk_20,calibratedrecallk_50,coveragek_10,coveragek_20,coveragek_50,ndcgk_10,ndcgk_20,ndcgk_50,precisionk_10,precisionk_20,precisionk_50,reciprocalrankk_10,reciprocalrankk_20,reciprocalrankk_50
"EASE(alpha=0,density=0.05,l2=860.2405367857997)",0.05157170923379175,0.08398821218074656,0.13703339882121807,0.1563744347708713,0.24161436188162247,0.4194506310319228,0.02865562634048405,0.03693016636426835,0.047353876797501,0.005157170923379174,0.004199410609037328,0.002740667976424361,0.02175250257273833,0.024063210840328753,0.02569551925860679
