,CalibratedRecallK_10,CalibratedRecallK_20,CalibratedRecallK_50,CoverageK_10,CoverageK_20,CoverageK_50,NDCGK_10,NDCGK_20,NDCGK_50,PrecisionK_10,PrecisionK_20,PrecisionK_50,ReciprocalRankK_10,ReciprocalRankK_20,ReciprocalRankK_50
"SequentialRules(K=112,max_steps=96)",0.055992141453831044,0.07514734774066797,0.1055992141453831,0.3392724573125464,0.5007086454747924,0.7201862725248026,0.03412422618118774,0.03901224726469887,0.045081995422846424,0.005599214145383104,0.003757367387033399,0.0021119842829076616,0.027499649172046028,0.028922026411678615,0.029954852500511636
