,CalibratedRecallK_10,CalibratedRecallK_20,CalibratedRecallK_50,CoverageK_10,CoverageK_20,CoverageK_50,NDCGK_10,NDCGK_20,NDCGK_50,PrecisionK_10,PrecisionK_20,PrecisionK_50,ReciprocalRankK_10,ReciprocalRankK_20,ReciprocalRankK_50
Popularity(K=200),0.0054027504911591355,0.015717092337917484,0.03339882121807466,0.001147330768711615,0.002024701356549909,0.00458932307484646,0.0026818301759790955,0.005276917454409481,0.008685096125108207,0.0005402750491159136,0.0007858546168958742,0.000667976424361493,0.0018465244644026567,0.002551988224226176,0.0030592053431023076
