,CalibratedRecallK_10,CalibratedRecallK_20,CalibratedRecallK_50,CoverageK_10,CoverageK_20,CoverageK_50,NDCGK_10,NDCGK_20,NDCGK_50,PrecisionK_10,PrecisionK_20,PrecisionK_50,ReciprocalRankK_10,ReciprocalRankK_20,ReciprocalRankK_50
"EASE(alpha=0,density=0.05,l2=860.2405367857997)",0.05157170923379175,0.08398821218074656,0.13703339882121807,0.1563744347708713,0.24161436188162247,0.4194506310319228,0.02865562634048405,0.03693016636426835,0.047353876797501,0.005157170923379174,0.004199410609037328,0.002740667976424361,0.02175250257273833,0.024063210840328753,0.02569551925860679
