,CalibratedRecallK_10,CalibratedRecallK_20,CalibratedRecallK_50,CoverageK_10,CoverageK_20,CoverageK_50,NDCGK_10,NDCGK_20,NDCGK_50,PrecisionK_10,PrecisionK_20,PrecisionK_50,ReciprocalRankK_10,ReciprocalRankK_20,ReciprocalRankK_50
Popularity(K=200),0.005848320028915959,0.010917506266343472,0.02123308306194015,0.00020081473406391646,0.00037294164897584486,0.000846290664983648,0.003151536653113366,0.004684935042941089,0.0070874482389347345,0.0012960271317829456,0.0012112403100775194,0.0009060077519379844,0.003511299141749723,0.004195820340988055,0.004746718999846118
