,CalibratedRecallK_10,CalibratedRecallK_20,CalibratedRecallK_50,CoverageK_10,CoverageK_20,CoverageK_50,NDCGK_10,NDCGK_20,NDCGK_50,PrecisionK_10,PrecisionK_20,PrecisionK_50,ReciprocalRankK_10,ReciprocalRankK_20,ReciprocalRankK_50
Popularity(K=200),0.0042421769256798325,0.008495637996642613,0.01556550308794666,0.00022950255321590454,0.00037294164897584486,0.0008319467554076539,0.002698908231477674,0.00391305412286058,0.005639796204815028,0.0010598352713178296,0.0009144864341085271,0.0007025193798449612,0.0036735668912267747,0.004161315525243363,0.004604917375187502
