,CalibratedRecallK_10,CalibratedRecallK_20,CalibratedRecallK_50,CoverageK_10,CoverageK_20,CoverageK_50,NDCGK_10,NDCGK_20,NDCGK_50,PrecisionK_10,PrecisionK_20,PrecisionK_50,ReciprocalRankK_10,ReciprocalRankK_20,ReciprocalRankK_50
"SequentialRules(K=76,max_steps=35)",0.008242730635535867,0.01199665153344774,0.019485843786232977,0.5592403465488553,0.7393424751850365,0.8981008663721384,0.005913836768852534,0.0071151606698856,0.008843264604865578,0.0019137596899224804,0.001380813953488372,0.0008599806201550387,0.007684022009966778,0.008286126979434465,0.00862026317932008
